Timestamp,GPU Utilization (%),GPU Memory Utilization (%)
1717198125,0
0
0
0,0
0
0
0
1717198126,90
90
90
88,38
41
43
38
1717198127,86
82
86
83,37
36
37
36
1717198128,84
85
87
82,28
27
30
27
1717198130,78
89
81
83,28
24
24
28
1717198131,91
85
90
90,23
21
20
22
1717198132,83
87
84
82,19
19
19
17
1717198133,88
86
87
86,18
17
17
17
1717198134,81
83
84
80,15
15
16
14
1717198135,85
82
84
84,16
18
15
18
1717198137,84
86
82
82,15
18
17
13
1717198138,91
79
76
89,20
18
15
19
1717198139,81
78
92
79,13
12
13
12
1717198140,84
0
31
10,1
0
5
1
1717198141,80
77
79
78,13
13
12
12
1717198143,80
78
79
79,14
15
12
13
1717198144,79
81
72
79,19
19
16
19
1717198145,98
86
80
99,15
12
12
12
1717198146,96
84
79
96,14
12
12
14
1717198147,83
78
80
89,18
16
14
18
1717198148,47
55
93
45,8
9
14
7
1717198150,81
78
85
79,13
12
13
12
1717198151,79
84
77
77,16
14
11
15
1717198152,85
94
78
84,14
12
12
14
1717198153,76
64
29
75,12
10
12
11
1717198154,80
78
79
78,13
12
12
12
1717198155,77
75
87
76,13
12
11
11
1717198157,96
76
78
77,13
12
11
11
1717198158,91
78
78
89,13
12
12
12
1717198159,80
78
87
79,13
12
13
12
1717198160,95
83
78
95,14
11
12
12
1717198161,80
77
89
78,13
12
13
12
1717198163,89
96
92
91,15
14
11
14
1717198164,78
75
77
77,13
11
15
11
1717198165,80
93
79
82,13
14
12
12
1717198166,80
84
79
78,15
14
12
14
1717198167,80
77
77
78,13
11
11
11
1717198168,80
78
79
79,13
12
12
12
1717198170,75
78
79
79,13
11
15
11
1717198171,90
95
93
91,15
14
18
14
1717198172,79
87
78
78,16
13
12
15
1717198173,83
94
76
83,14
12
11
14
1717198174,92
89
95
92,13
12
14
12
1717198175,79
77
98
78,13
10
15
8
1717198177,79
76
96
77,13
11
12
11
1717198178,92
79
77
91,14
12
11
14
1717198179,94
77
78
83,13
12
12
12
1717198180,79
75
96
77,13
11
14
11
1717198181,80
78
79
79,13
14
12
12
1717198182,79
76
78
78,12
12
11
12
1717198184,79
76
77
77,13
14
11
12
1717198185,79
80
82
79,14
12
16
12
1717198186,79
77
78
78,13
12
14
12
1717198187,79
98
78
88,15
15
12
13
1717198188,92
93
79
93,13
12
12
12
1717198190,79
78
78
77,14
15
11
13
1717198191,10
20
0
9,3
2
0
3
1717198192,97
93
93
95,16
14
11
14
1717198193,96
83
78
95,14
12
12
14
1717198194,80
77
87
77,13
11
14
11
1717198195,78
77
96
78,13
11
15
12
1717198197,80
78
92
79,13
11
14
11
1717198198,74
76
93
76,14
15
19
14
1717198199,95
92
79
95,15
12
12
12
1717198200,99
85
78
97,15
12
12
15
1717198201,72
75
79
72,17
17
18
16
1717198203,77
88
79
78,13
13
11
12
1717198204,92
99
78
93,15
14
11
14
1717198205,77
77
84
78,13
12
13
12
1717198206,79
76
94
77,13
12
14
12
1717198207,70
57
80
68,13
12
12
12
1717198208,79
76
94
77,13
13
14
15
1717198210,92
94
77
92,15
11
11
14
1717198211,80
77
80
78,13
12
15
12
1717198212,77
77
89
78,18
14
17
16
1717198213,77
74
76
75,13
11
15
11
1717198214,79
98
78
89,15
15
12
14
1717198215,92
93
81
93,12
11
12
11
1717198217,80
91
77
81,15
13
11
14
1717198218,78
76
94
77,13
11
14
11
1717198219,92
92
63
93,18
19
13
19
1717198220,80
77
78
78,13
12
14
12
1717198221,79
95
77
86,14
14
11
13
1717198223,79
80
78
78,15
14
12
14
1717198224,78
88
77
78,16
13
11
15
1717198225,79
76
89
77,13
14
14
15
1717198226,82
92
78
83,13
14
11
13
1717198227,98
89
78
98,16
13
11
15
1717198228,81
70
79
81,18
16
15
17
1717198230,80
75
98
76,13
11
15
11
1717198231,91
76
78
77,13
12
11
11
1717198232,79
77
78
78,13
13
11
11
1717198233,79
80
77
77,13
14
11
14
1717198234,80
77
78
78,13
12
13
12
1717198235,78
76
77
77,13
11
15
12
1717198237,65
0
16
0,0
0
2
0
1717198238,79
76
87
77,15
11
13
13
1717198239,96
82
77
92,14
11
11
11
1717198240,79
78
83
79,13
12
12
12
1717198241,92
93
80
93,15
17
11
15
1717198242,70
69
78
71,17
15
17
15
1717198244,0
40
2
51,7
5
14
7
1717198245,79
96
78
77,15
14
11
14
1717198246,79
77
86
78,19
15
13
17
1717198247,79
84
77
77,13
14
12
14
1717198248,93
93
70
93,17
19
13
18
1717198250,79
76
78
77,13
11
14
11
1717198251,91
76
78
86,13
12
12
13
1717198252,95
86
77
96,13
11
11
11
1717198253,79
77
83
78,13
12
12
11
1717198254,79
76
77
77,13
13
11
12
1717198255,79
77
86
78,13
12
12
12
1717198257,0
0
0
0,0
0
3
0
1717198258,96
76
78
80,12
11
12
12
1717198259,99
85
79
95,17
16
14
16
1717198260,79
77
85
78,13
12
13
12
1717198261,77
76
71
78,16
18
15
16
1717198262,88
76
77
85,13
11
11
13
1717198264,0
0
0
0,0
0
0
0
1717198265,79
77
92
78,13
12
14
12
1717198266,95
77
78
97,13
12
12
12
1717198267,87
75
93
84,19
11
15
11
1717198268,79
76
80
77,13
12
12
12
1717198269,91
77
78
86,14
12
12
13
1717198271,48
62
97
53,7
9
0
8
1717198272,79
76
83
77,13
11
13
11
1717198273,79
85
77
77,15
14
11
15
1717198274,79
77
82
78,13
11
12
11
1717198275,78
76
89
77,13
14
13
15
1717198276,80
93
77
82,13
14
11
12
1717198278,0
0
14
0,0
0
0
0
1717198279,79
92
78
95,15
14
11
14
1717198280,92
93
86
93,13
11
13
11
1717198281,80
77
92
78,13
12
14
12
1717198282,80
78
98
79,13
12
15
12
1717198284,90
96
76
92,15
11
11
13
1717198285,98
83
77
94,15
12
8
14
1717198286,85
76
77
82,13
11
11
12
1717198287,78
79
82
77,13
12
12
11
1717198288,78
77
77
77,14
15
11
14
1717198289,78
76
89
77,13
12
14
12
1717198291,70
77
93
72,17
15
19
15
1717198292,90
95
77
93,15
14
12
14
1717198293,0
0
0
0,0
0
0
0
1717198294,79
77
89
78,13
12
13
12
1717198295,97
77
78
78,13
12
11
12
1717198296,79
77
82
78,13
12
12
11
1717198298,92
92
76
93,14
11
11
11
1717198299,79
76
93
77,13
14
11
12
1717198300,79
74
75
76,12
11
11
11
1717198301,7
0
0
5,1
0
8
0
1717198302,79
94
77
83,13
14
11
13
1717198303,92
93
78
92,13
11
11
11
1717198305,78
76
82
77,13
11
12
11
1717198306,79
76
90
77,13
11
14
11
1717198307,71
76
78
76,17
15
19
17
1717198308,93
92
76
95,15
14
11
14
1717198309,0
100
100
100,0
0
0
0
1717198311,80
77
77
78,13
11
11
11
1717198312,73
79
77
77,15
14
11
15
1717198313,90
100
77
93,15
11
12
13
1717198314,78
76
87
76,13
11
13
11
1717198315,79
77
100
78,13
12
12
12
1717198316,83
75
76
77,12
11
11
12
1717198318,90
76
77
77,13
12
11
11
1717198319,90
96
75
93,13
11
11
12
1717198320,91
75
77
85,14
12
11
11
1717198321,79
77
78
78,13
13
12
12
1717198322,86
76
77
81,13
11
11
12
1717198323,69
69
77
70,17
15
17
15
1717198325,79
83
78
75,13
13
12
11
1717198326,86
76
77
82,17
16
12
15
1717198327,0
100
100
100,0
0
0
0
1717198328,79
76
97
77,13
11
11
11
1717198329,91
76
78
86,14
11
11
13
1717198330,99
77
78
78,12
12
11
12
1717198332,80
77
81
78,13
12
12
11
1717198333,78
75
76
76,13
14
11
12
1717198334,80
78
78
78,13
15
12
12
1717198335,80
77
78
78,13
12
11
12
1717198336,15
1
0
10,2
0
9
1
1717198337,80
85
79
77,13
13
12
12
1717198339,93
74
75
75,11
10
10
10
1717198340,73
76
89
77,13
11
13
11
1717198341,79
76
99
77,13
13
15
14
1717198342,89
95
77
95,15
14
11
14
1717198343,98
86
78
95,16
13
14
14
1717198345,19
0
0
0,0
0
0
0
1717198346,99
82
77
92,12
11
11
11
1717198347,78
75
76
76,13
14
11
12
1717198348,91
93
78
93,15
12
12
12
1717198349,77
74
76
75,13
11
13
11
1717198350,80
94
77
85,13
14
11
13
1717198352,80
77
85
78,13
12
14
12
1717198353,79
92
78
97,15
14
11
15
1717198354,13
76
100
77,3
0
0
0
1717198355,98
83
76
92,15
12
13
14
1717198356,76
75
96
77,16
12
16
14
1717198357,89
76
77
83,13
11
11
12
1717198359,91
76
93
77,13
11
11
11
1717198360,79
78
80
77,13
12
12
11
1717198361,79
77
78
78,13
13
11
12
1717198362,77
77
70
78,15
19
16
18
1717198363,3
16
57
8,1
3
0
1
1717198364,99
84
77
93,16
12
11
14
1717198366,87
77
79
85,14
12
12
13
1717198367,78
75
94
77,13
11
14
11
1717198368,79
76
85
77,13
11
13
11
1717198369,98
93
78
93,15
12
12
12
1717198370,91
77
78
83,14
12
12
12
1717198371,78
75
93
77,13
11
11
11
1717198373,72
82
77
74,12
13
11
11
1717198374,37
92
73
92,15
17
16
16
1717198375,91
75
77
84,13
11
11
11
1717198376,78
75
76
76,13
14
11
12
1717198377,92
93
77
93,15
11
11
11
1717198379,78
76
77
77,13
11
14
11
1717198380,91
92
78
97,15
14
11
15
1717198381,78
74
91
75,13
11
13
11
1717198382,83
78
76
87,14
12
11
13
1717198383,76
73
92
74,9
10
14
9
1717198384,83
97
78
89,14
12
12
13
1717198386,96
88
77
97,16
13
11
14
1717198387,71
72
93
73,12
10
11
10
1717198388,78
75
91
76,13
11
11
11
1717198389,79
87
77
79,13
13
11
12
1717198390,92
93
77
93,13
11
11
11
1717198391,78
76
83
76,13
11
13
12
1717198393,80
78
91
79,13
11
14
11
1717198394,53
42
4
51,8
5
14
7
1717198395,90
93
76
97,15
14
11
15
1717198396,81
80
78
90,15
12
12
14
1717198397,78
76
98
77,13
11
15
12
1717198399,79
77
88
78,13
12
13
12
1717198400,98
84
77
93,16
11
11
11
1717198401,87
77
78
79,13
17
12
16
1717198402,79
76
87
78,13
11
12
11
1717198403,80
76
77
78,12
11
11
11
1717198404,0
0
0
0,0
0
0
0
1717198406,79
76
77
78,13
15
12
13
1717198407,78
85
71
78,14
18
16
19
1717198408,79
76
77
77,13
11
13
11
1717198409,77
93
76
85,13
14
17
13
1717198410,81
76
78
74,17
16
11
16
1717198411,77
90
69
93,18
19
16
19
1717198413,80
77
78
78,13
11
12
11
1717198414,79
84
77
78,13
14
12
15
1717198415,73
90
76
82,12
14
5
12
1717198416,78
75
93
76,13
11
13
11
1717198417,79
77
94
77,13
11
14
11
1717198418,90
75
76
76,13
11
11
11
1717198420,98
79
78
88,13
12
12
11
1717198421,90
76
77
79,13
11
11
11
1717198422,77
75
76
76,13
14
11
13
1717198423,79
79
80
78,13
12
11
12
1717198424,78
75
77
76,13
11
13
11
1717198425,85
77
79
78,13
12
14
12
1717198427,17
74
76
75,13
10
5
11
1717198428,73
79
77
76,15
14
11
15
1717198429,92
92
98
92,18
11
15
11
1717198430,79
77
88
78,13
11
13
12
1717198431,99
80
78
89,16
12
12
13
1717198433,78
76
99
77,13
11
12
11
1717198434,79
77
82
72,12
12
12
10
1717198435,86
73
75
74,12
11
11
11
1717198436,77
83
75
76,15
14
11
15
1717198437,79
76
86
77,13
14
13
16
1717198438,0
0
0
0,0
0
0
0
1717198440,93
77
94
78,13
12
12
12
1717198441,79
76
91
77,12
11
14
11
1717198442,96
84
77
93,12
11
11
11
1717198443,93
77
78
82,14
11
11
11
1717198444,86
77
77
79,13
11
11
11
1717198445,79
77
92
78,13
12
12
12
1717198447,80
79
80
78,13
12
12
12
1717198448,80
88
79
79,13
13
12
12
1717198449,91
74
76
76,13
11
11
11
1717198450,28
14
76
23,13
14
10
12
1717198451,80
86
78
78,13
14
12
15
1717198452,79
77
94
77,13
12
14
12
1717198454,79
77
87
77,13
12
14
12
1717198455,95
85
78
94,15
13
11
14
1717198456,87
76
77
79,14
11
11
12
1717198457,75
73
78
74,13
13
12
11
1717198458,91
92
77
92,14
11
11
11
1717198460,78
75
80
77,13
12
12
11
1717198461,94
75
77
82,14
11
11
12
1717198462,59
78
83
70,10
12
3
11
1717198463,88
75
76
76,13
11
11
11
1717198464,78
77
78
78,13
15
11
13
1717198465,78
75
81
76,12
11
12
11
1717198467,78
90
78
83,13
13
11
14
1717198468,79
76
80
77,13
11
15
11
1717198469,75
74
95
75,17
13
16
14
1717198470,82
75
76
81,14
11
11
12
1717198471,92
76
78
77,13
12
12
12
1717198472,99
77
79
85,12
12
12
12
1717198474,79
76
77
77,13
13
11
12
1717198475,75
80
73
73,12
12
11
11
1717198476,87
72
74
79,13
10
11
11
1717198477,80
85
92
78,13
13
11
12
1717198478,77
98
77
92,13
15
11
14
1717198479,79
86
78
78,14
13
12
15
1717198481,79
76
93
77,13
11
14
11
1717198482,79
77
85
77,13
12
14
12
1717198483,99
83
77
91,16
12
11
13
1717198484,90
75
92
75,13
11
15
11
1717198485,79
76
78
77,13
13
12
12
1717198486,91
77
79
78,14
18
15
18
1717198488,90
93
78
96,15
11
11
11
1717198489,1
0
41
0,0
12
6
13
1717198490,92
78
76
86,19
16
14
17
1717198491,76
75
98
77,17
12
15
13
1717198492,88
68
76
69,17
15
16
15
1717198494,74
93
80
93,14
17
11
16
1717198495,92
71
94
72,11
10
14
10
1717198496,74
76
78
77,12
14
11
13
1717198497,82
74
78
75,12
11
12
11
1717198498,80
77
84
78,13
11
13
12
1717198499,80
76
78
78,13
12
14
12
1717198501,69
96
92
94,13
14
11
14
1717198502,0
0
0
0,0
0
0
0
1717198503,78
98
76
91,15
11
11
13
1717198504,89
88
78
97,15
12
12
12
1717198505,79
76
91
77,13
11
13
11
1717198506,78
76
94
77,13
12
11
12
1717198508,76
92
78
93,14
17
11
16
1717198509,100
76
77
77,13
12
12
12
1717198510,80
68
92
69,13
13
16
12
1717198511,79
83
78
78,13
14
12
15
1717198512,78
75
77
76,13
11
13
11
1717198514,70
76
79
77,17
15
19
16
1717198515,93
15
53
7,0
2
8
1
1717198516,89
73
76
81,12
10
11
10
1717198517,79
82
78
77,13
14
11
15
1717198518,77
74
88
76,13
12
13
11
1717198519,78
93
77
86,13
12
11
14
1717198521,80
77
84
78,13
12
14
12
1717198522,78
87
77
95,14
13
11
14
1717198523,79
74
86
76,13
11
13
11
1717198524,76
75
98
76,13
11
15
11
1717198525,81
95
78
95,15
12
11
12
1717198526,90
78
85
85,17
11
13
11
1717198528,78
76
77
77,13
11
15
11
1717198529,78
97
77
93,12
14
6
14
1717198530,1
70
35
79,14
10
5
12
1717198531,94
81
77
90,13
11
11
11
1717198532,96
75
78
79,14
12
12
12
1717198533,79
78
78
77,13
15
12
14
1717198535,79
92
77
85,13
14
12
13
1717198536,78
76
78
77,13
11
15
11
1717198537,79
76
93
77,13
12
13
11
1717198538,78
76
77
84,16
11
11
13
1717198539,93
81
76
90,13
11
11
11
1717198541,79
76
77
77,13
13
11
12
1717198542,92
93
77
93,14
12
12
12
1717198543,78
75
99
76,13
11
11
11
1717198544,0
0
0
0,0
0
9
0
1717198545,78
76
86
77,13
12
13
12
1717198546,78
92
77
82,15
12
11
14
1717198548,78
76
94
77,13
11
14
11
1717198549,84
89
78
98,14
12
12
12
1717198550,78
75
89
77,13
11
13
11
1717198551,96
78
71
88,16
11
11
13
1717198552,82
74
76
75,12
11
12
11
1717198553,78
93
77
83,13
14
11
13
1717198555,98
75
77
76,12
11
11
11
1717198556,87
75
76
76,13
11
11
11
1717198557,74
85
73
75,12
13
11
15
1717198558,80
98
74
95,13
14
6
14
1717198559,0
40
6
51,9
4
14
6
1717198560,78
77
92
78,13
12
14
12
1717198562,79
94
76
94,15
11
11
12
1717198563,92
81
77
92,15
11
11
11
1717198564,69
74
78
75,12
14
11
12
1717198565,76
92
76
82,12
14
11
12
1717198566,79
76
86
77,13
11
14
12
1717198568,79
76
98
77,13
11
15
11
1717198569,84
77
78
99,14
12
12
12
1717198570,91
68
92
78,19
12
15
11
1717198571,77
98
75
89,13
11
11
13
1717198572,77
75
81
76,13
11
14
11
1717198573,89
84
76
95,15
13
11
14
1717198575,0
0
0
0,0
0
0
0
1717198576,93
76
77
93,13
11
11
11
1717198577,77
75
76
76,13
14
11
13
1717198578,88
76
76
78,13
11
11
11
1717198579,77
80
77
76,13
14
11
14
1717198580,79
98
78
89,13
15
11
13
1717198582,79
76
80
77,13
11
14
11
1717198583,68
97
82
89,13
15
11
14
1717198584,79
91
79
97,13
14
12
15
1717198585,73
75
93
76,13
11
14
11
1717198586,78
75
86
77,13
12
13
11
1717198588,79
76
77
78,13
14
11
11
1717198589,81
76
77
78,12
11
12
12
1717198590,92
77
78
77,13
11
14
12
1717198591,0
0
0
0,1
0
0
0
1717198592,91
79
98
91,18
11
14
11
1717198593,78
75
77
77,13
14
11
12
1717198595,92
92
75
92,14
18
11
16
1717198596,79
76
77
77,13
11
13
11
1717198597,80
93
79
83,13
14
11
13
1717198598,77
84
70
92,17
18
15
19
1717198599,78
87
76
76,13
13
11
11
1717198600,93
75
78
76,13
12
11
12
1717198602,78
79
77
77,13
14
11
14
1717198603,92
92
68
92,15
19
13
18
1717198604,70
94
92
83,12
14
10
13
1717198605,92
75
84
76,13
11
14
11
1717198606,78
88
78
98,13
13
11
15
1717198607,0
0
0
0,0
0
0
0
1717198609,79
89
77
77,13
13
12
15
1717198610,79
76
89
77,13
11
13
11
1717198611,66
64
90
69,19
15
21
18
1717198612,77
85
77
77,13
13
11
11
1717198613,99
76
77
77,12
12
13
12
1717198615,83
76
81
77,13
11
12
11
1717198616,80
76
97
78,13
11
15
11
1717198617,86
84
77
98,14
11
11
12
1717198618,97
76
76
90,16
11
11
11
1717198619,75
66
92
66,17
15
17
14
1717198620,78
89
78
77,13
14
11
12
1717198622,92
89
68
92,17
18
14
18
1717198623,80
76
89
77,13
12
13
11
1717198624,0
0
0
0,0
0
0
0
1717198625,89
83
76
99,15
11
11
11
1717198626,95
74
76
82,14
11
10
12
1717198627,100
100
100
100,11
11
11
11
1717198629,100
80
81
92,9
7
9
8
1717198630,100
83
84
83,8
7
9
7
1717198631,100
82
84
83,8
7
8
7
1717198632,100
83
100
83,8
7
7
7
1717198633,100
90
100
83,8
8
9
7
1717198635,100
100
100
96,8
9
9
8
1717198636,90
83
100
84,9
9
9
9
1717198637,84
83
100
83,8
9
9
9
